id,title
b000o24l3q,adobe premiere pro cs3 upgrade
b000h22pg8,the print shop pro publisher 22 deluxe [dvd]
b00032heya,national geographic presents: redshift planetarium
b000butd6q,math success deluxe 2006
b0002x1omi,allume boost xp for windows
b000314vvu,freddi fish 2: the haunted schoolhouse
b0002e3g6o,eastwest bsendorfer 290 grand piano virtual instrument
b000jj4fbw,emedia essential bass guitar
b000ozibhk,x3: reunion - virtual programming ltd.
b0006g2wke,microsoft licenses project svr sa govt (h2200301)
b0008ews9o,instant immersion french 2.0
b000ozhfsq,tlc dr. seuss reading learning system 2008
b000in18nm,professional training for vegas 7 and dvd architect 4 sw
b000e8jlda,adobe premiere pro 2.0
b0002h6x34,reader rabbit preschool
b000cqnjim,is3 stopzilla 4.0 [stop spyware pop-ups id theft]
b000o39u3g,adventure workshop 1st-3rd grade 8th edition
b0000afu4e,national geographic photo gallery (jewel case)
b000jgw9ae,sony psp media manager
b000e8jlbw,adobe production studio premium
b00005ld1r,model web publisher 3.5.2 .
b000ivfciq,sudoku puzzle addict: unlimited edition
b0009y6f56,instant play electric guitar (jewel box)
b000nvkyse,pro photo essentials plug in suite & iview mediapro 3
b000bt8trg,microsoft visual studio professional 2005 upgrade
b0009yx9by,serious magic ultra2 master sets library 2 ( windows )
b0007lw23a,apple iwork '06 (mac dvd)
b000hbxjuk,quickbooks premier professional services edition 2007
b0008glg1i,apple .mac 4.0 online service family pack
b000ofnrhy,adobe premiere pro cs3
b00030iej6,soho labels & envelopes - chronos l.c.
b000eu10wi,phase one capture one pro win/mac
b000k5uxys,alsoft diskwarrior: mac univeral binary
b0002nt5ho,microsoft virtual pc for mac 7.0 with windows xp home
b000he39mk,mcafee total protection 2007 - 3 users
b00008mnxz,microsoft windows terminal server 2003 client additional license for users- 5 user
b000p5in5e,sunset boulevard
b000tl4qb4,morpheus photo animation suite
b000h69szu,dk exotic animals africa
b000cepgwg,call of duty deluxe (mac) (dvd)
b000cco5wa,simply put software gotta sing ( windows/macintosh )
b00027eqmy,omniweb 5.0
b000o3efrm,lego star wars ii: the original trilogy for mac
b000eiau3u,microsoft office & windows training professional
b000h27psq,hoyle casino 2007
b000h241zg,hoyle backgammon jc
b000hhzie4,axis & allies collector's edition
b000ra5bl6,jewels of cleopatra
b000hjott2,hoyle 4-pack 2006
b00068u7ww,zero-g pro pack for garageband (appleloops)
b0007sxglk,hoyle solitaire (jewel case)
b00019jgwi,ulead systems dvd workshop 2
b000b6oboo,chicken hunter: license to grill - the great poultry race
b0000azk3v,extensis smartscale 1-user ( pxe-11433 )
b00007kh02,extensis intellihance pro 4.x win/mac
b0007l9ecw,canopus 77010158100 let's edit
b000a7q6n8,now up-to-date & contact v5.0 (mac)
b000099108,vocabulary puzzles grade 1
b000hbvvka,quickbooks point-of-sale pro with hardware bundle 6.0
b000qxd2tc,onone genuine fractals 5 - full 1u
b000o3bge2,defcon
b000hedyio,britannica deluxe
b000g80lku,peachtree by sage premium accounting 2007 - accountants' edition
b000brm3xe,computrace lojack for laptops: 1 year subscription
b000jx1on0,safekeeper plus
b0002fgfiy,didi & ditto: kindergarten win/mac
b000n28264,cubase 4 competitive crossgrade
b000nkklwe,casual games pack
b000licg1m,power production storyboard artist 4
b000fk8b42,math success deluxe 2007
b000bdiqpc,neuratron photoscore professional 4
b00002s5ig,punch super home suite 3.0
b000g0oom4,pitstop pro 7.0 upgr - 6.x or higher
b000gkpds8,adventure workshop 4th-6th grade 7th ed sb cs by riverdeep
b000qxd2tm,genuine fractals print pro 5 1u
b000fcyts2,zend studio 5.1 (win/mac)
b00021lrw2,dk rainbow fish most beautiful fish in the ocean
b0006aao96,miraizon cinematize 2 (mac)
b0001wn0m2,microsoft office 2004 standard (mac)
b000gamw7s,internet cleanup 4.0 mac os 10.4 or higher
b000m9c70k,spring cleaning 9.0 for mac os 10.4 & above
b000bx0006,apple mac os x tiger 10.4.6 family pack (mac)
b000fiejt0,photoframe pro 3.0 1u
b00004ochi,punch! professional home design
b000qd9f5w,sims 2 glamour life stuff pack
b000lp6jky,roxio toast 8 titanium
b000edjjhs,individual small business advantage deluxe 2006
b000bckm46,corefx three level
b00029rapc,calculation skills v1 add & sub - basic - core learning
b000gb1xfo,peachtree by sage premium accounting 2007
b0000c7fpt,reel deal casino shuffle master edition
b000ro7h3w,acid music studio 7
b00006jo4g,punch! super home suite
b00007g3ai,punch! master landscape & home design
b000i7zabo,ca antivirus 2007
b000v7riie,brain builder
b000egidpy,printmaster platinum v 17.0
b000gpsz42,street atlas usa 2007 plus dvd
b000jx84va,instant immersion hawaiian audio
