id,name
http://www.google.com/base/feeds/snippets/13394537834910060641,qb pos 6.0 pro solution hw/sw
http://www.google.com/base/feeds/snippets/9526578983773698753,adobe premiere pro cs3
http://www.google.com/base/feeds/snippets/18105761375553744131,school zone interactive vocabulary puzzles 1 on track software
http://www.google.com/base/feeds/snippets/7742313617688572944,chronos soho labels and envelopes
http://www.google.com/base/feeds/snippets/7587316869277129977,phase one capture one pro
http://www.google.com/base/feeds/snippets/17771223071817478541,mcafee inc total protection 2007 3-user
http://www.google.com/base/feeds/snippets/5935343405881149008,alsoft diskwarrior for intel
http://www.google.com/base/feeds/snippets/5527718669808727624,microsoft virtual pc 7.0 windows xp home
http://www.google.com/base/feeds/snippets/4233168214815079628,aspyr lego star wars ii
http://www.google.com/base/feeds/snippets/4433860407786915136,aspyr call of duty deluxe
http://www.google.com/base/feeds/snippets/1949229857064458441,allume morpheus photo animation suite
http://www.google.com/base/feeds/snippets/17334196774609191985,mike garson andrew lloyd webber andrew lloyd webber favorites - featuring sunset boulevard
http://www.google.com/base/feeds/snippets/2460101921085498175,omni web 5.0
http://www.google.com/base/feeds/snippets/17059526546034030562,sos aggregation company calculation skills v1 add & sub - basic - core learning
http://www.google.com/base/feeds/snippets/65639973300118271,apple .mac 4.0 family pack (new or renewal)
http://www.google.com/base/feeds/snippets/17175991674191849246,phantom efx reel deal casino shuffle master edition
http://www.google.com/base/feeds/snippets/16981277851522177810,aspyr media inc sims 2 glamour life stuff pack
http://www.google.com/base/feeds/snippets/908293428104495266,roxio toast 8 titanium cdr software
http://www.google.com/base/feeds/snippets/17033785854482020785,individual software inc small business advantage deluxe
http://www.google.com/base/feeds/snippets/17651580132908652894,sos aggregation company corefx three level-core learning ltd.
http://www.google.com/base/feeds/snippets/17836395815164917371,topics entertainment instant immersion hawaiian audio
http://www.google.com/base/feeds/snippets/17523098183862840727,sos aggregation company brain builder - core learning
http://www.google.com/base/feeds/snippets/17479437813216357894,ca antivirus 2007
http://www.google.com/base/feeds/snippets/17762641182538089473,encore inc hoyle solitaire
http://www.google.com/base/feeds/snippets/5558998293398547766,print master platinum v17
http://www.google.com/base/feeds/snippets/17546591632033422235,delorme mapping street atlas usa 2007 plus dvd xx
http://www.google.com/base/feeds/snippets/15528939772983751628,topics entertainment 80796 - topics math success 2007 deluxe for windows - educational software - pc
http://www.google.com/base/feeds/snippets/16700933768709687512,egames. inc casual games pack
http://www.google.com/base/feeds/snippets/16668702350993735780,kutoka interactive inc didi & ditto (kindergarten)
http://www.google.com/base/feeds/snippets/16738828984601610049,bling software limited safekeeper plus
http://www.google.com/base/feeds/snippets/16862951998092117648,sage (ptree) premium accounting accountants edition 2007
http://www.google.com/base/feeds/snippets/16622880533554607802,avanquest usa llc britannica deluxe
http://www.google.com/base/feeds/snippets/18227817484834707150,allume spring cleaning 9.0
http://www.google.com/base/feeds/snippets/18053348848713858697,allume internet cleanup 4.0
http://www.google.com/base/feeds/snippets/15911936238938935149,miraizon cinematize 2
http://www.google.com/base/feeds/snippets/14641221219676710452,zend studio 5.1 php integrated development environment
http://www.google.com/base/feeds/snippets/11630432614273539055,apple iwork '06
http://www.google.com/base/feeds/snippets/2044788707045179226,onone software inc. pfp-30001 - photoframe v.3.0 pro - complete product - image editing - 1 user(s) - complete product - standard - pc mac
http://www.google.com/base/feeds/snippets/13792413550965266630,sony media software acid music studio 7 software music production software
http://www.google.com/base/feeds/snippets/5068947095089747483,sage software peachtree premium accounting 2007 software for windows tax & finance software
http://www.google.com/base/feeds/snippets/2519306436830554150,punch software 25100 punch! master landscape and home design
http://www.google.com/base/feeds/snippets/6591008499871907116,encore software a5992jch - dk rainbow fish most beautiful fish in the ocean - win 95 98 me xp
http://www.google.com/base/feeds/snippets/17972160650826336548,onone software inc. gpp-55211 - genuine fractals print pro 5 1u
http://www.google.com/base/feeds/snippets/4823291609006887387,reader rabbit preschool
http://www.google.com/base/feeds/snippets/18396389648150219430,microsoft office and windows training professional
http://www.google.com/base/feeds/snippets/18389048469504944658,win 2003 ter svr cal 5pk microsoft r19-00846
http://www.google.com/base/feeds/snippets/18384366678790095384,freddi fish 2 - case of haunted schl hse
http://www.google.com/base/feeds/snippets/18384557845547191313,east west bosendorfer 290
http://www.google.com/base/feeds/snippets/18427202789383020961,emedia essential bass guitar dvd
http://www.google.com/base/feeds/snippets/18422068306669698354,microsoft h22-00301 gov open sa project svr w9x nt
http://www.google.com/base/feeds/snippets/18418631443367666576,csdc x3mac x3: reunion - virtual programming ltd. mac 10.4 or later ub
http://www.google.com/base/feeds/snippets/18438075297130458214,encore tlc dr seuss reading learning system 2008
http://www.google.com/base/feeds/snippets/392494394952738157,the printshop pro publisher v22 deluxe dvd-rom
http://www.google.com/base/feeds/snippets/6320757184409585395,enfocus software pp7.0-ug-001 - pitstop pro 7.0 upgr - 6.x or higher
http://www.google.com/base/feeds/snippets/5515688203820371988,encore software 10118 - adventure workshop 4th-6th grade 7th ed sb cs by riverdeep
http://www.google.com/base/feeds/snippets/6990565128537638388,math success deluxe 2006
http://www.google.com/base/feeds/snippets/6195321262763979528,national geographic redshift planetarium
http://www.google.com/base/feeds/snippets/7039940734695244235,boost xp
http://www.google.com/base/feeds/snippets/13392915442415544255,instant play electric guitar express (jc)
http://www.google.com/base/feeds/snippets/4621582451171111860,apple mac os x v10.4 tiger software - family pack apple & mac software
http://www.google.com/base/feeds/snippets/3597076779822744306,adobe production studio premium software suite video software bundles
http://www.google.com/base/feeds/snippets/2691848002513611613,microsoft microsoft office 2004 software suite - mac apple & mac software
http://www.google.com/base/feeds/snippets/14794198635011271295,adobe premiere pro 2.0 software professional editing software
http://www.google.com/base/feeds/snippets/7181709960017015550,absolute software lfl-n2-12 - computrace lojack for laptops - 1 year license (win 2000 xp)
http://www.google.com/base/feeds/snippets/18354430457145981051,topics entertainment 80542 instant immersion french 2.0 781735805428
http://www.google.com/base/feeds/snippets/9029807166568270057,steinberg cubase studio 4 software - competitive crossgrade music production software
http://www.google.com/base/feeds/snippets/6070036801370348429,power production power production storyboard artist software animation software
http://www.google.com/base/feeds/snippets/5238862557893361196,serious magic ultra master sets library 1 effects software
http://www.google.com/base/feeds/snippets/18367097829354438075,computer associates mdlweb99000352 model web publisher 3.52
http://www.google.com/base/feeds/snippets/17153123894129090968,sibelius photoscore professional scanning software music production software
http://www.google.com/base/feeds/snippets/8564521918031484066,punch software 14100 - punch! home design suite professional - architectural - 1 user(s) - pc
http://www.google.com/base/feeds/snippets/8376577004489658408,punch software 17100 punch! super home suite
http://www.google.com/base/feeds/snippets/9575830162604297862,now software num50e1r - up-to-date & contact v.5.0 - complete product - contact management - 1 user(s) - complete product - standard - mac
http://www.google.com/base/feeds/snippets/1492097838915695810,onone software inc. ppi-12005 - pro photo essentials plug in suite & iview mediapro 3
http://www.google.com/base/feeds/snippets/15555806239483804720,intuit quickbooks premier professional services edition 2007 software - win tax & finance software
http://www.google.com/base/feeds/snippets/3594701920411099396,encore software 13840 - defcon: global nuclear domination game - win 98 me 2000 xp vista
http://www.google.com/base/feeds/snippets/16558385795268912766,encore software 11050 - hoyle 4-pack 2006 - win 98 me 2000 xp
http://www.google.com/base/feeds/snippets/13799844440134110129,encore software 10673 - hoyle casino 2007 - win 98 me 2000 xp
http://www.google.com/base/feeds/snippets/14007011703509063417,encore software 11861 - jewels of cleopatra - win xp vista
http://www.google.com/base/feeds/snippets/11038012533329162078,encore software 11430 - axis & allies collectors edition - win 98 me 2000 xp
http://www.google.com/base/feeds/snippets/11611566315397308287,encore software 10669 - hoyle backgammon - win 98 me 2000 xp
http://www.google.com/base/feeds/snippets/12418972562708861095,encore software 10149 - chicken hunter license to grill (win 98 me 2000 xp)
http://www.google.com/base/feeds/snippets/13815055497602261010,east west propack for garageband av production software
http://www.google.com/base/feeds/snippets/407742822135371560,corel ulead dvd workshop 2 authoring software
http://www.google.com/base/feeds/snippets/8506958797516287357,onone software pxe-11433 pxl smartscale elect 1-user english mac/win
http://www.google.com/base/feeds/snippets/5363123129666342202,canopus let's edit - video editing software - win consumer video editing software
http://www.google.com/base/feeds/snippets/12151689484559213261,global software a2960jcw - sudoku puzzle addict: unlimited edition - win 98 me 2000 xp
http://www.google.com/base/feeds/snippets/15544999546747963941,global software a4124m2h - dk exotic animals africa - win 95 98 2000 xp
http://www.google.com/base/feeds/snippets/5449819493015414043,onone software pxe-11433 pxl smartscale elect 1-user english mac/win
http://www.google.com/base/feeds/snippets/18260252787140686571,simply put software llc gs905-s - gotta sing (win 95 98 me nt 2000 xp/mac 10.0 or higher)
http://www.google.com/base/feeds/snippets/11826731647881867985,visual studio pro 2005 upgrade (pc) microsoft
http://www.google.com/base/feeds/snippets/7249154325906371083,onone software ice-10770 intellihance pro 4.1 mac/win (buy now and get free cs3 compatibility upgrades)
http://www.google.com/base/feeds/snippets/13023052343955574084,adventure workshop 1st-3rd grade. 8th edition (pc) encore
http://www.google.com/base/feeds/snippets/10471177135649344162,sony media manager for psp (98598)
http://www.google.com/base/feeds/snippets/10376000923691891679,national geographic photo gallery topics
http://www.google.com/base/feeds/snippets/10662427062723563235,stopzilla! 4.0 (pc) roxio
http://www.google.com/base/feeds/snippets/7653075580455328736,onone software inc. gfs-50211 - genuine fractals 5 full 1u
http://www.google.com/base/feeds/snippets/17694493073700371269,punch software 38100 punch! super home suite (small box)
http://www.google.com/base/feeds/snippets/12354599434001970846,vegas7 + dvd upgrade
http://www.google.com/base/feeds/snippets/9489728552695383239,premiere pro cs3 mac upgrade
