review,sentiment
"A ruthless assassin has been hired to eliminate someone at the very top of the U.S. government. Constantly changing his identity and location, he is known only as the Jackal. Everything about this hit man is a secret. Aware of the Jackal's presence but uncertain of his purpose, the FBI's Deputy Director faces the biggest challenge of his career. In order to track down this cold-blooded killer, he and a by-the-book Russian intelligence officer enlist the aid of an imprisoned Irish terrorist. These unlikely allies enter a global race against the clock to stop the mysterious mercenary before he can complete his assignment. If you are looking for a non-stop action movie like Die Hard, then The Jackal is not your movie. It´s a slow spy thriller with many cool gadgets and weapons. Richard Gere does a good job playing an impassioned terrorist who is helping the FBI for a deeper cause than just freedom. And Willis puts forth a good effort as the Jackal. OK film but nothing more.",negative
"Who doesn't love the muppets?! Impossible it is to watch them without getting some kind of warm, fuzzy feeling inside. So, I guess what's important is that this movie seemed to very successfully capture what makes the muppets so special. I don't remember much about the details of the plot but the various moments and characters in the film I recall quite fondly. In fact, there was quite a nostalgic atmosphere to the whole movie but without being self-conscious in any bad way. Refreshing for someone who possibly gets too hung up on meticulous details and technique; the ""magic"" transcends all that other stuff. 'Tis indeed what movies are made of.<br /><br />So, how does the film achieve these things? Hmmm, nice question! Stumped am I? Let's see. Really, I feel like it's quite simple. The filmmakers believe in their material and don't take themselves too seriously in the process. I probably wouldn't say the film has many truly inspired moments, but it does have a certain life to it (that funnily enough a great many ""real people"" movies lack). A zest. You really want to believe in these funny little people and their adventures. They also have a certain innocence about them that makes them all the more endearing.<br /><br />Generally I get the impression that the people that made the movie just weren't afraid to try whatever felt right to them at the time which gives the whole thing quite a loose feel. Kind of like a really accessible and enjoyable extended jazz session. Lots of talent, little predictability and plenty of warm personalities coming through. The cameos were of course a bunch of nice surprises for instance. Maybe I don't feel I have much to say about it because I was half-asleep when I saw it (and/or as I write this review). Anyway, I'm sort of semi-repeating myself here but I really liked the sense of family the movie had. Full of love I suppose you might say. Again, a feeling of nostalgia comes to mind which not many films manage to achieve so effectively or effortlessly.<br /><br />And to repeat myself once more, one of the film's best charms is its very relaxed and welcoming atmosphere. Like the Nathaniel Hawthorne quote about happiness being (like) a butterfly, so The Muppet Movie greatly succeeds partially by not seeming to try to do so. Same with beauty being best undiscovered or untouched or unforced or something like that. Anyway, if that sounds sappy, I also reckon it was pretty hilarious.<br /><br />So, all in all, this movie was very funny, touching and difficult not to smile along to. Plus it features lots of great music! Highly recommended to all humans, both the young and the young at heart.",positive
"Once again Bronson's talent is mostly wasted on this shock value 1984 thriller which (uncut) is far more disturbing than most of what is out even today. The fact that ""The Evil That Men Do"" is very disturbing (in its verbal and visual depictions of torture) is not the problem. It is the shameless gratuity in which it is presented. Interestingly, this film seems to symbolize that latter part of Bronson's career in which he has tortured many of his fans with the same egregiously predictable and uncreative plots. One hopes this fine actor will rise again.",negative
"This anime is a must-see for fans of Evangelion. It's an earlier work of Anno Hideaki, but his unrestrained, dramatic style is quite in place. Also, those who didn't like Evangelion might find this release to bit slightly more palatable. Gunbuster is rather unique to sci-fi anime in that it's actually based on real science. In fact, the show has several little ""Science Lesson"" interludes explaining the physics behind some of the events in the movie. One of the big dramatic points in the film is the relative passage of time at speeds near that of light. The series does a wonderful job of dealing with the imaginably traumatic experience of leaving earth on a six month mission traveling near the speed of light and returning to an Earth where ten years have passed. The main character remains age 17 or 18 throughout the entire series while almost all of the other characters age considerably. Be warned, this show is heavy on the sap at times. It also has a couple of the most wholly unmerited breast shots that I have ever seen. I found it fairly easy to ignore the skimpy uniforms and boo-hoo scenes, because the series is otherwise very good, but viewers with a low sap tolerance might want to stay away from this one. On an interesting note, Gainax, as always, managed to run out of money in the last couple of episodes. However, they managed to use black and white film and still action sketches to produce a good resolution anyway. The ending is a bit silly, but it left me with such a good feeling in my gut I couldn't help but love it. Gunbuster is, in my opinion, one of the finest pieces of Anime around.",positive
"I'm sorry, but this is such a bad movie it's hilarious. Football hooligans arguing in a travel lodge? Suits? Shades?! Alan clearly had no idea what he was talking about when he made this, it is as far from the truth as you can get.<br /><br />The casting was atrocious...Gary Oldman as a football hooligan? He doesn't look scary, act scary or even come across as someone who would like football. And as for Yeti? What the hell? Suits, shades and sitting in a travelodge childishly taunting each other with ""its about time you got your nappy on"". Please.<br /><br />And the Yeti's gang spraying the ICC's underwear? <br /><br />I don't see how anyone can even take this film seriously!.<br /><br />4/10. Its possibly the most inaccurate portrayal of the crisis of the late eighties hooliganism i have ever seen.",negative
"I don't think I've really ever given Walter Matthau his due as a comedic performer. He's certainly been wonderful in plenty of lighthearted roles, but I guess I always put his success down to his characters' grumpiness and ruthlessness, a gruff contrast to the flamboyant personality of his frequent co-star Jack Lemmon, and, I suppose, a natural extension of his earlier work in dramatic pictures. Watching Gene Saks' 'The Odd Couple (1968),' adapted from a popular Neil Simon play, the realisation suddenly clicked: Matthau is, in his own right, absolutely hilarious! Initially striking the audience as filthy, crude and generally unappealing, his Oscar Madison eventually manages to worm his way into our hearts, culminating in a hilariously overplayed confession of emotions that Matthau rasps out in a voice not entirely his own. At the same time, while holding his own as a comedian, his interplay with Lemmon is, of course, pitch-perfect; indeed, the film rightly belongs to both actors, who have never failed to light up the cinema screen by themselves, let alone together.<br /><br />Calling to mind Billy Wilder's screenplay for 'The Apartment (1960),' this Neil Simon comedy builds itself around around a rather morbid premise. Compulsive house-cleaner Felix Unger (Lemmon), having just been evicted by his wife of twelve years, attempts to commit suicide, but fruitlessly abandons the idea after he wrecks his back trying to open the hotel window. Dejected, he arrives at the house of good friend Oscar (Matthau), a divorced slob who lives alone on a diet of potato crisps and green sandwiches (that might contain either very new cheese or very old meat!). Oscar kindly offers Felix a place to stay, but is soon overwhelmed by his friend's finicky personality and constant insistence on absolute cleanliness. The pair form an unusual sort of marital arrangement, with Felix assuming the role of the effeminate and constantly-nagging wife, and Oscar as the sloppy, unappreciative husband who always comes home later than he's supposed to. This is a marriage that barely lasts three weeks, and, by the end of it, we can completely sympathise with Felix's ex-wife, who remains unseen.<br /><br />'The Odd Couple' is a terrific comedy, most of all because it has a lot of heart. For all their arguing, it's obvious that the two roommates have plenty of affection for each other, most movingly seen when Felix tries to launch into a furious tirade, instead  perhaps inadvertently  ending up informing Oscar how ""tops"" he his. The pair's four poker buddies (John Fiedler, Herb Edelman, David Sheiner and Larry Haines) are also constantly badgering each other about some obscure annoyance, but you can't deny that they've got the best of intentions. Their decision to treat Felix as though nothing has happened to him may have sounded fine in theory, but maybe being ignored wasn't quite the correct solution to Felix's gloomy feelings of inadequacy and inconsequentiality. Unlike some comedies based on popular stage plays {I was recently disappointed by Wilder's 'The Seven Year Itch (1955)}, this film doesn't simply strike at the same chord throughout, and the relationship between the two leads is progressively developed, through tears, laughter and much disagreement.",positive
"This is one of the silliest movies I have ever had the misfortune to watch! I should have expected it, after seeing the first two, but I keep getting suckered into these types of movies with the idea of ""Maybe they did it right this time"". Nope - not even close.<br /><br />Where do I begin? How about with the special effects... To give you an idea of what passes for SFX in this movie, at one point a soldier is shooting at a ""Raptor"" as it runs down a hallway. Even with less than a second of screen time, the viewer can easily see that it is just a man with a tail apparently taped to him running around. Bad bad bad bad.<br /><br />How about the acting? If that's what you can call it. There is one character who, I suppose, is supposed to be from the south. However, after living in the south for six years now, I have never heard this way of talking. Perhaps he has some sort of weird disability - the inability to talk normally. I find it fascinating that the character does nothing that requires him to have that accent - therefore there was no reason for the actor to try to do one.<br /><br />How about the plot? It's pretty basic - Raptors escape, people with guns must hunt them down. I'm starting to wonder why the dinosaurs in these movies always seem to run into the nearest system of tunnels... wouldn't they stay outside to hunt prey? Oh well, at least they have the good sense to appear very very little in the movie which supposedly revolves around them.<br /><br />Other things - Let's say you are in a building and you know that there are man eating raptors running around in it. Would you decide to take time out to have an argument about who is better - Army or Marine? And then decide to have an arm wrestling contest to settle it? How about the idiotic idea that they have to track down the raptors - Split up into groups of two. Didn't they ever watch any horror movies (Or at least an episode of Scooby Doo)? In short, this is one of the dumber movies out there. Miss it unless you want to groan your way through a movie.",negative
"A remake of the 1916 silent film, based on the 1909 novel by Maurice Leblanc. The detective series would be made into numerous plays, films and TV series in the UK, the US, and France over the years. This 1932 version starred the smashing Barrymore brothers John (as the Duke) and Lionel (as Detective Guerchard). They would also star together in Grand Hotel, Dinner at Eight, and several others over the next couple years. Sonia (Karen Morley) shows up in the Duke's bed during a party in this pre-Hayes code film; first the lights go out in the bedroom, then they go out in the main ballroom, then the search is on for the crook and the missing jewelry, as well as other missing valuables... You can tell talkies hadn't been around too long, as they still use caption cards several times. Also watch for a new kind of safe that doesn't need a combination. Well-thought- out plot, no big holes, but no big surprises here either. Not bad for an early talkie film. Clever ending.",positive
"Although this series and the mini film in particular were very important at the time of release, I feel that the series as a whole was actually fairly poorly written with a weak cast. The issues at heart are extremely well portrayed yet it is difficult to relate and understand the problems within the film when the acting and script isn't convincing enough (especially when looking at the mini film).<br /><br />I also don't believe that this mini film or series has stood the test of time as now many of the scenes are quite laughable. The issues are still crucial but Boys From The Blackstuff cannot fully aid the cause of understanding the problems in Britain in the 1980s.",negative
"I've got as much testosterone as the next bloke, and Raquel Welch at her finest is certainly worth a look; but the fact is that a cardboard cut-out could act better, and an hour and half of Ms. W showing off her considerable assets does not a movie make.<br /><br />Considering the cast, it's surprising that it's as bad as it is. I've never been a big fan of Wagner, and his tough guy Harry is about as convincing as a 9-dollar bill. Godfrey Cambridge and Vittorio de Sica, both of whom I usually enjoy, seem to be sleeping through their lines; and as for Edward G...well, I can only assume he was there for the paycheck.<br /><br />This film is a mess: from non-existent plot, through stop-start action and unfunny script to puerile slapstick and annoying 60's 'caper' music. If it weren't for Miss Welch, I'd have given it a 0.<br /><br />That said, she is a treat to the eyes - even better than her delicious cameo in 'Bedazzled' - and for that reason alone I gave it a 3.",negative
"From the start this film drags and drags. Clumsy overdubs explaining the history, monochrome acting, boring sets, total lack of any humanity, verve or style. The actors look as if they are drugged. Potentially an interesting story completely wasted. Surely somebody realised how bad it was at some point in producing it?",negative
"As a long-time fan of all the Star Trek series,I found this a disappointing episode, and I wonder if the liberal use of ""flashbacks"" featuring Will Riker's exploits, both positive (and largely romantic) and negative (lots of pain, and a crewmate's death)was a money-saving device, as were many of their ""bottle shows"" (episodes in which all scenes take place on the Enterprise). Diana Muldaur(who also appeared at least twice on the original series) deserved a better final appearance than this for her character, Dr. Kate Pulaski. Loyal viewers (in the Star Trek world, is there any other kind?) also were shortchanged. This was the last episode of second season; thus, the season ended ""not with a bang"" but with ""a whimper.""",negative
"Hammerhead is a combination between the mad scientist and killer shark movie genres. In a bit of type-casting, Jeffrey Combs plays the aforementioned mad scientist who develops a human/hammerhead shark creature. Bizarrely, this being is in fact his son, who he has turned into this monster to prevent him dying from cancer. Or something.<br /><br />A group of associates are invited to the scientist's private island. They end up being used as shark bait or shark mate. For some unknown reason the head of IT has been brought along as part of this team. Who knows why? Luckily, he turns out to be a resourceful, if somewhat overweight, Ramboesque hero. I'm working on the assumption that he learnt how to handle an assault rifle as part of his day job working in 1st line support. A normal day for this IT man presumably involves fixing someone's network connection followed by a call to gun down gun-toting evil-doers. Or perhaps a call to fix someone's PC has to be scheduled between physical confrontations with land-based human-shark hybrids? Anyway, he's amazing and saves the day. He even get's the girl.<br /><br />The shark-man is a slightly lame creation but OK, I guess, judging by the effects in general in this film. And the movie moves on at a decent pace. It's complete hokum of course but if you buy a movie called Hammerhead and expect it to be a complex drama about the emotional conflicts experienced by a man turned into a land-based killer fish, then really you have no one to blame but yourself. As it is, there are guns, gore, girls and possibly even an exploding helicopter. It's rubbish but not as bad as some might say.",negative
"In fact, parts of it I liked a lot. It had some interesting twists. But it just left me with a been there, seen that feeling after all of the SAW movies. Granted the ending was different from a typical Saw, but let's face it...a group of guys, unknown to each other (or so they believe) tossed together in an abandoned chemical factory....<br /><br />But then it loses something. There's no intensity, there's poor group dynamic, there's no sense of urgency.<br /><br />Some nice twists at the end, and definitely worth a watch if there's nothing else on your plate, but it just left me empty...it passed the time, but it didn't satisfy.",negative
"""The Garden of Allah"" was one of the first feature length, 3-strip Technicolor films. To correct a previous poster the first Technicolor feature (after Disney's 5-year exclusivity deal) was 1935's ""Becky Sharp"" which was a costume drama that used the color for it's garish color costumes.<br /><br />""The Garden of Allah"" looks as if it could have been shot years later as the cinematography uses not only the color but also the use of shadows. It must have been amazing for an audiences at the time to see a color feature after seeing basically only black and white films for their whole life. Unfortunately, the film does not stand up to the cinematography. That being said, the film is worth seeing just as a visual treat.",positive
"It's awesome! In Story Mode, your going from punk to pro. You have to complete goals that involve skating, driving, and walking. You create your own skater and give it a name, and you can make it look stupid or realistic. You are with your friend Eric throughout the game until he betrays you and gets you kicked off of the skateboard team(you can pick a team to be on) and you then start your own team! There are many levels like New Jersey, Manhattan, and even School II(not part of story mode though) from Tony Hawk's Pro Skater 2. You can unlock secret skaters like Iron Man, Gene Simmons, and another skater. You can create your own goals like SKATE letters, COMBO letters, Tricktris, Gap, and much more. You can create the goal pedestrian and write what they speak. If you get bored of doing that, you can do the premade goals in premade parks. The only thing I didn't like about this game was that sometimes it was hard to drive the cars. 9/10.",positive
"There's a part of me that would like to give this movie a high rating. Considering that it was made in 1953, this is a very courageous movie about transvestites, tackling the issue fairly seriously and sympathetically (and offering the viewer a lot of information on the subject) and trying very hard not to stereotype. The movie clearly makes the point that transvestites are not homosexuals, and that aside from wearing women's clothing they lead a relatively normal life. It deals with the pain of not being accepted in society - the plot revolves around a police officer (Lyle Talbot) desperately trying to understand the issue because of the recent suicide of a transvestite. So, you have to give everyone involved with this movie credit for taking on such a controversial (in the context of 1953) subject.<br /><br />Having said all that, I'm also sorry to say that this movie is absolutely dreadful. In trying to portray Glen/Glenda's (Edward D. Wood) pain, the movie falls into silly (and at times surprisingly - again given the era - sensual) fantasies that make the story very hard to follow. The acting is wooden at best. None of the dialogue comes across as real; the actors look and sound like people reading speeches written by others. And - worst of all - there was no point to having Bela Lugosi in this movie. This was another of the increasingly embarrassing roles this poor man took on in the latter stages of his career. ""Pull the strings; pull the strings,"" poor Lugosi's character (called The Spirit in the credits, but really coming across as more of a mad scientist) kept crying. And nothing he did really seemed to have much connection with the rest of the movie.<br /><br />For artistic merit, the movie doesn't really deserve much more than 1/10. However, for the courage involved in just putting it out, I'll give it a 3/10.",negative
"This is a very sad movie. Really. Nothing happens in this movie. The Script is bad!!! I guess they've just copy-paste the first 15 pages to 90 pages. The Producers must have thought let's create a Hollywood movie here in Belgium. They didn't succeed. Now in the third week it is only running in Antwerp and Brussels at 22h45 or something. In the past we have had really good movies in Belgium, like Daens. Shades is a waste of your time. Maybe you could sneak in the theater after you've seen a real movie. If you've seen 10 minutes of Shades, you've seen it all. It was advertised to death on local radio and TV. I hope it will disappear in the Shades soon.",negative
"I should have known when I heard Anne Rice left the project that the movie would disappoint me. I couldn't have predicted that years after it's release just thinking about the movie still makes me angry. The novels are amazing, and while I understand much gets lost in the translation to screen, this movie was a great big middle finger to her original work. I hope one day someone tries again, the right way, starting with The Vampire Lestat. They change the roles and looks of major and minor characters alike for no good reason. They destroy Lestat's history. The acting of the Queen is exaggerated to the point of comedy, but I just can't bring myself to laugh. The charm and allure of the novels just isn't there. The movie is a bad excuse to cram as many musicians and ""dark"" imagery as possible into one movie, hoping the teeny Goths of America would lap it up. Part of the appeal of the first movie, of Louis' story, is that he is caught between his humanity and his curse. Lestat is supposed to take over and display the magic and excitement of the vampire world. Thank goodness I read the books first, or I'd have never touched them after this movie.",negative
"OK, imagine that every state in the US, nay, every country has exactly the same trees growing and ground foliage. Imagine, also, that a monkey-trapper's camp so far off the beaten track you had to do the first half of the approach by river has a beautifully tarmac'd, perfectly straight road leading up to it. Imagine a world where you have to wear a full biohazard suit to collect a floppy disk, then you just drop it in a ziploc bag and transfer it to your pocket with no precautions as soon as you get back to the office. A world where two nine-year old girls are happy to give lots of blood without complaining. This is the world this movie is set in.<br /><br />On top of that, it's one of the most cliché-ridden pieces of excrement it's been my misfortune to witness in many a year.<br /><br />I liked it. :)",negative
"First of all I would like to point out that this film has absolutely nothing to see with the Dutch folklore story of the ghost ship that is also called THE FLYING DUTCHMAN. In this film, you will not see a single sailing boat. You will not see sailors, ghosts, or anything remotely exciting. It is not the story of the ghost ship, and I wish they had notified it in the main credits or I wouldn't have watched it, because I really thought it was the film about the legend. It seems many people think the film has to do with the legend of the ghost ship, since the film is listed on the Wikipedia page for the ""Flying Dutchman"" legend... I don't understand why. It is maybe based on the resembling legend called ""The Wandering Jew""? Or maybe did they just adapt the worst parts of the legend? The film begins with a fight sequence that would let anyone hope the film will have battle scenes. Unfortunately, it is the only battle scene of the film. Then you see Daniel Emilfork (who was Krank in City of Lost Children) for about two seconds, and that would let anyone hope the film will have good acting. Unfortunately he is very bad in the film. The same thing can be said about Italian actor Nino Manfredi, who was one of Italia's best actors ever, and who here is condemned to embody a crazy bird wrangler with no back story whose only purpose is to seem to be the ""wise man"" of the film. And boy, does that film need wiseness! Every other character of the story seems to enjoy swimming in excrement, yelling, torturing others (in excrement), fornicating (in excrement) or laying in excrement some more just for the fun of it. It seems to be such fun that each character of the story gets to have his or her turn being dumped in feces at a point or another. Coming from a Dutch director, you might think that extreme dirtiness and shockingly real filth are necessary elements in a period piece, elements which contributed to make Dutch filmmaker Paul Verhoeven's film, ""Flesh + Blood"", such a great film. The thought of ""Flesh + Blood"" would let anyone hope that a film similarly filthy and visually straight-forward would be good. Unfortunately, and unlike ""Flesh + Blood"", there is no dramatic progression, no fights, no good acting, and put simply, no ""Flesh and Blood"". The photography, as the opening sequence unfolds, is well-done and enticing. This too, stops very early in the film. The music, from Nicola Piovani (of ""La vità e bella"" fame) is repetitive and annoying, when not irrelevant (it sometimes implies that there is grandeur in a sequence, while on screen the actors are splashing in liquid dung). Throughout the first ""act"" of the film, which lasts nothing less than an hour (!), the film takes place within the same perimeter, which is around the farm where the main characters live. The characters play with excrement a lot, drown in it, play in it. A long period of time elapses through numerous ellipses to allows the main character, a young boy who loves to play in excrement, to become older and play in excrement some more. The bird-man talks a lot to say foolish things in Italian. Spanish conquistadors speak French. Nothing makes sense. Everything is confused and takes hours to happen. Then there is a second act called ""the Ship"", in which we see what might have been a ship, a long time ago, but which is now remains of a ship (covered with excrement did I mention?). The main character, while walking a bit further away from the farm, just happens to run into it, and decides it's really cool so let's live in it. The hunchback who lived in it before is trying to kill him, but he doesn't really mind because (did I mention?) he's not very bright. He thinks the ship can navigate and hopes to sail on it, until more conquistadors show up (at least they seemed to be conquistadors because of the Don Quixote style hats but as I've said it's really confused who's who), make the Dutchman a prisoner, along with the retarded hunchback, and they burn the ship to the ground. The last part of the film, which is really hard to bear for the spectator because it just consists of even more excrement with even more retarded middle-age peasants fighting in it, takes place in a mad asylum. Yet more torture and drowning each other with feces. Yet more loitering for the director, who seems to have definitely given up on his job, or passed onto the second crew camera assistant to do the rest of the job. In the end, a lot of the mentally-challenged new ""friends"" that the Dutchman made die. The woman he had sex with who was his brother's wife to begin with tries to have him meet his son. The Dutchman and his son talk. The film ends after two hours of dungy images and calamitous acting and technical performances. Then the credits roll and the spectator fells immensely free from having to watch atrocious films with no plot that pretend to be something exciting like fantasy films based on legends, while they are nothing but a mere catalog of how full of excrement some films can get when they don't have enough financing powers to put battles instead or even horses.",negative
"Firstly I loved the book, more so than the more popular Da Vinci Code and although the DVC film was not well received, I liked it and bought the DVD. However, there is no chance that I will ever want to watch Angles and Demons ever again.<br /><br />The film barely resembles the book, in fact only the general premise of the story is there.<br /><br />From the very start of the film I was disappointed, in the book Robert Langdon receives a call and fax from Maximilian Kohler, Director of CERN. Who finds the body of Father (can't remember the name) and then requests Langdon to come, using the super fast plane... In the book the only people who knew about this technology that the Father and Daughter team had created were themselves and the camerlingo... In the film however, there was a massive team involved... so the tension was never there... how did they find out etc.<br /><br />Leaving out or rather changing this whole part of the story was a massive mistake and was in my mind what made it a poor movie... it changed everything that happened from then on, when the Camerlingo was confronted in the pope's locked room, it should have been Maximilian Kohler who shot the video from his wheel chair, the commander rushed in to get the camerlingo but was shot by Olivetti, in the film it was the commander in the room and Olivetti was shot... (err I think I got this right, but I was bored and can't really remember the events in the film)...<br /><br />There was no love interest between Vittoria and Robert and in the book she wasn't at CERN when he arrived and was indeed was flown in from her research work. In the book all four of the preferratti were killed, but in the film the last one of the four survived the fountain. In the book Vittoria was kidnapped and Robert had to rescue her and it was they that killed the Assassin at the Church of the Illuminati, not blown up like he was in the film by the Camerlingo. The bit where Robert was confined under a stone coffin was not there, saved by his Mickey mouse watch alarm. OK in the book we are led to believe that Langdon bailed out of the helicopter, fair enough to say that this was a bit far stretched, but it was important in the film, because he had to race back with the film... There was no mention of how Vittoria and her adopted father became involved, this was also important in getting to know the character of Vittoria.<br /><br />In all one of the worse films I have seen, I would have left early, but my brain went numb and I lost the use of my legs temporarily. A really really reeeeeeaaaaaaalllly poor attempt and not one of Ron Howards finest, in fact, how he will get work again is beyond me!!! I want my money back!!!",negative
"Spinal Tap was funny because if you knew a little about heavy metal, you saw in-jokes all over the place. If you know anything about porn, this mock documentary will leave you cold. Everything in it rings false.<br /><br />Spinal Tap was funny because it took a familiar world and pushed it over the top. This film is decidedly not funny because it paints a picture of how porn is made that bears no relationship to the real world.<br /><br />The acting here is uniformly awful, but that would not matter much if the core idea of the movie were good. But it's not.",negative
"This entry is certainly interesting for series fans (like myself), but yet it is mostly incomprehensible. The plot is confusing, as is the sequel continuity. Some striking effects, to be sure, but we never find out what it all really means.<br /><br />Try to see the ""NC-17"" workprint version which contains the gore that was cut to be re-rated ""R"".",negative
"Of all the kung-fu films made through the 70's and 80's this is one that has developed a real cult following. With the exception of all the films Bruce Lee starred in this is a film that has stood the test of time and its due to the unique story. An aging kung-fu master tells his last pupil Yang Tieh (Sheng Chiang) about five pupils he has trained in the past. All five wore masks and nobody has seen the face of each other and they have all been trained differently. Their specialty in kung-fu is the name they have adopted like Lizard, Snake, Centipede, Toad and Scorpion. The master called them the Poison Clan and he does not know what has happened to them so he wants Tieh to find them and help the ones that are doing good to stop the others that are evil. An old man who was once a member of the Poison Clan has a map to where he has hidden a lot of money and he seems to be a target. Tieh does not know what they look like so he has to mingle in society and try and figure out who they are. Tieh has discovered that the Snake is Hung Wen Tung (Pai Wei) and along with Tang Sen Kue (Feng Lu) who is the Centipede they kill a family to find the map. A map is found by a mystery man who turns out to be the Scorpion but know one knows who he is. A local policeman named Ho Yung Sin (Philip Kwok) investigates the murders along with his partner Ma Chow (Chien Sun). Sin has a friend called Li Ho (Meng Lo) who is the Toad and they do know of each others identity. The Snake bribes the local officials to pin the murders on Li Ho and while he is in prison he is tortured and killed. When Sin finds out he teams up with Tieh and together they go to combat Tung and Kue. <br /><br />This film was directed by Cheh Chang and he was a very special director when it came to these films. Chang was not your run of the mill kung-fu director and his films always had a special quality to them. While most martial arts films deal with revenge Chang did not use that as a central theme. Even though there is some revenge going on later in this story this film is more complex than that. Five men trained by the same master in different ways and wearing masks. Then they are all in the same area and not knowing who the other is. Very unique story makes this film different from all the others and most of Changs stories were in a class all by themselves. I wouldn't exactly put it in the same league as ""Enter The Dragon"" because Bruce Lee was a worldwide icon and the martial arts he exhibited were more authentic looking. This film still has some impossible feats like clinging to sides of walls and all the flipping through the air but this film isn't necessarily about fight scenes. Its more about the intrigue of the story and the characters that are involved. That alone makes this different from all the other kung-fu films. Very well made with a unique story.",positive
"I don't doubt that Victor McLaglen won his Best Actor Oscar for this film by dint of a three way split among the Mutiny on the Bounty leads of Clark Gable, Charles Laughton, and Franchot Tone who were all in the same race. But The Informer is still a fine film because John Ford wouldn't have gotten his first Best Director Oscar if it wasn't. No split involved in his award.<br /><br />The movie and the story by Liam O'Flaherty that it is based on involves a poor simpleton of a man named Gypo Nolan who was once a member of the Irish Republican Army. He was cashiered out of it for some imbecilic stunt he pulled and wants back in. He's down to his last pence and if he can't get back in, wants enough for passage to America. There's a twenty pound reward for information leading to the arrest of a former comrade named Frankie McPhillip played by Wallace Ford. In a moment of weakness he goes to the Black and Tan constabulary and informs on McPhillip.<br /><br />The IRA is pretty anxious to find out who ratted McPhillip out and they're pretty certain it was McLaglen. He hasn't the wit to really cover his own tracks. He does make a feeble effort to implicate another man named Peter Mulligan played by Donald Meek. He also picks up a hanger-on played by J.M. Kerrigan.<br /><br />The whole action of The Informer takes place in 1922 in Dublin from about six in the evening to early the following morning. Of a necessity it is shot in darkness and shadows, making it possibly the first noir thriller. Had it been done post World War II The Informer would have ranked as a great noir classic, like Odd Man Out or the The Third Man which it bares a lot of resemblance to.<br /><br />John Ford knew this world very well. He took some time off during the Rebellion and was in Ireland at the time and had a brother who was in the IRA. His real name before having it anglicized was Sean O'Fiernan.<br /><br />Preston Foster plays the IRA commandant Dan Gallagher. In the book Gallagher is a harder and meaner man than Foster has him here. My guess is that John Ford wanted him as a sympathetic character to give movie fans some rooting interest. He makes it clear that Foster has to eliminate the informer because the Black and Tans will grab him and get quite a bit more out of him and put the whole organization in peril.<br /><br />The IRA trial scene is the highlight of the film. When Foster asks Donald Meek whether he recognizes the authority of their court, Meek ain't in a position to say no. The King's justice and writ does not run here. It graphically illustrates at that point despite occupation by army troops and constabulary, the British are indeed losing their grip on the population.<br /><br />Of course The Informer a rather grim story has its John Ford touches, but rather fewer than you would expect. Even as McLaglen is spending his money on a drunken spree, the IRA is constantly in the shadows watching him and counting every farthing.<br /><br />The Informer is a tale well told about Ireland in a grim and dismal time.",positive
May Contain Spoilers.<br /><br />An innocent trailer park or maybe 'Compton' LA white kid witnesses a terrible childhood tragedy relating to drugs and violence. An unprofessional but dedicated police partners try to take down a 'sophisticated' high end club drug ring only to be fired and chewed out by the the drug lords high priced attorneys. The plot thickens as more people come back to seek vengeance and justice with a predictable ending. The only memorable part was a walk-on by Ron Jeremy.<br /><br />If I was in a movie theater I would have asked for a refund. I feel sorry for the poor actors in this movie. It was just awful and painful to watch. The worst part was the cinematography were the director kept flashing back within the same scene so the sound would not quite match. And NO it was not a codec nor DVD problem but an intentional technique. Ughh. Two Stars.,negative
"I actually didn't start watching the show until it came on FX. I was bored and had nothing to watch and saw that the show's reruns were premiering so i decided to watch it. I was so upset that I had not watched the show when it first aired on t.v. I loved the show so much!Finally a show for everyone to enjoy. I remember Full House and Family Matters and Step by Step and they were okay shows but just not funny enough. They would make dumb jokes and laugh over things that were just plain stupid, but not That 70s Show. That 70s Show was hilarious, smart and so real. I think it was the best show ever made and I'm very sorry that it ended. Although I love this show, I do think it should have ended on the seventh season when Eric and Kelso leave. The last season was just not right, Eric was the main character and the show should have ended when his character leaves. I still love this show and I hope TV starts making more shows like this one.",positive
"This film coincides with Mike Allred's comic book mini-series, ""Red Rocket Seven"" and tells the story of an alien who escaped to Earth to wait for ""Astroesque"" which ties into the book of Revelations and the apocylpse. This is only part of a bigger story (if the movie confuses you, read ""RR7"" too). You can easily tell that Allred is used to telling stories with pictures. The direction is very good and the effects aren't bad for a $500 budget. Unfortunately, Mike used many friends to play the roles and probably didn't have the heart to say that they couldn't act. Also, Mike is not showing his writing skills in this movie. His dialouge spoon-feeds the plot to you and doesn't let you enjoy the characters. This was actually disappointing considering his tremendous writing ability shown in his comic books. 4 out of 10.",negative
"Again, we're getting a melange of themes well covered by so many previous films. The good and the bad son story, courtesy East of Eden. The American marine hero story, who doesn't consider himself to be one due to what he knows. And the grieving wife potentially falling in love with another man story.<br /><br />The mere fact of those stories being that ubiquitous isn't so much of a problem though. Because theoretically they could still be better presented and dealt with each time around. No luck this time though, as all three of those threads ultimately fall flat all the same.<br /><br />As the bad son never really gets to talk to his father, so that conflict is never resolved properly. Apart from the father kind of starting to appreciate the bad son thanks to the latter renovating the kitchen of the grieving wife. Now, how satisfying is that.<br /><br />Next, the surprisingly homecoming marine suspecting his wife of unfaithfulness conflict never gets resolved. Because he never really talks to the man under suspicion, namely his own brother. So once more we're handed a loose end here.<br /><br />And finally, the American military heroism hypocrisy theme, where the marine is publicly considered a hero when, due to the dirtiness of war he went through, he shouldn't really be called one as to his own standards, that third theme falls flat just the same. Because the movie ends right when, for the first time, he's just able to talk to his wife about what he went through. Where the real story would actually begin at that very point, namely his process of recovery, how that would look like and how he would finally face the family he'd have some major guilt to admit to. All that, all the really interesting bits are passed over and getting ignored.<br /><br />So while story wise this film is a serious, and I mean serious, disappointment, I'd still give it points for the impressive cast. Although no film should use Maguire for a voice over, because that belongs to Spiderman. Especially a grown up Gyllenhaal seems to fulfill all the expectations he aroused as a young and aspiring actor. So much that I'd in fact love to see him entrusted with a really deep and demanding lead role of proper profile.<br /><br />So while the cast really seems to do what they can, I consider this film totally forgettable otherwise. A shallow and ultimately pretentious, utterly unsatisfying tear squeezer indeed. Message du jour to the writers: we know the wounds already, see the host of Vietnam films. You want to earn some credit, show us a believable healing.",negative
"It is quite rare that a movie comes along that is so useless, that I with IMDb allowed the use of negative scores. In fact, I reflect back upon this movie and I truly cannot think of a movie that had so little going for it. Acting: Your Kidding right. Direction: No. A plot: No. This movie has nothing going for it if you take it as a serious movie, this is often the case with movies of this genre, but most movies of this nature can be watch as if they are a comedy and you can laugh at how pathetic the characters and situations are and almost get your times worth. This movie is so empty, that it cannot even suit that purpose. I have to give this a -1/10, three points lower then any other movie I have ever rated. I truly feel that the staff involved in this movie should pay me for the 83 minutes I spent watching it. I do not really have the words to describe how bad this is. No one should ever watch this for any reason again.",negative
"All the bare chested women in the world couldn't keep me from hitting the stop button about a third of the way through this awful rubbish. With the derisory acting, equally terrible script plus the poor CGI FX to match; this movie is an insult to the Werewolf genre. It is supposed to be serious, which in itself would be funny if this film could even make it to the level of being a bad joke.<br /><br />This is one of those movies where the people behind the camera are obviously competent but are too lazy to make something even one quarter decent. Avoid at all costs and watch one of the classic Werewolf movies instead.<br /><br />0 out of 10!",negative
"***SPOILERS*** ***SPOILERS*** Well, seeing as I am a major H:LOTS fan, maybe I liked the movie more than normal people would. However, this movie is still excellent. It had tons of surprises, and it gave some more closure to the series. While I was sad that Bayliss turned into a murderer, the overall feeling I felt was satisfied.",positive
"Here is proof of why Mary Pickford was `America's Sweetheart.' In this rather complex drama, Mary plays the young daughter of a squatter that dare to dream of a relationship with the son of one of the `hill-toppers.' The scenes where they steal a kiss and otherwise fall in love are simply delightful. She is even willing to take a bath. That Mary could pull this role off at the age of 30 is simply amazing and somewhat due to her diminutive stature (5').<br /><br />Tess must face numerous physical and emotional challenges. She does so with spunk not seen in many heroines of the time. Tess packs a wallop and is not shy about fighting with anyone. Why she agrees to help the `hill-topper' daughter is beyond me, but she sacrifices her own happiness in order to keep a deep secret. Pickford's close ups are wonderful.<br /><br />Danish-born Jean Hersholt is simply wonderful as the villain. The scene in which he manhandles a small baby is enough to make you throw vegetables (or whatever) at the movie screen. If Forrest Robinson (who plays Daddy Skinner) had worn a beard, he would have been a match for the model used in those World War I recruiting posters of Uncle Sam  Wants You!<br /><br />Although the story is somewhat predictable and slow in the beginning, it is worth the investment in your time to see the piece or pure `Americana.' The film highlights choices available to us all involving making someone else happy and what it is to be a real Christian. Recommended.",positive
"I think it's the sort of film you either love or hate and I'm really not the type to go in for arty movies. My mother rented ""mullhuland DR"" the other night and I nearly ran from the room, ha. But I love this film.<br /><br />We recorded ""The Beat"" one night when we had just let the tape run and got a great film that way by accident. Saved that tape and watched it a lot. I eventually got the VHS to add to my collection. I've watched it many times and at one point copied down the poems. I even tried to preform one scene for my high school drama class. She had said we could do any scene we wanted and just cut out the bad words. She refused to let me do it. If it could upset my drama teacher that much it has to be good :) Honest she never treated me the same after that.<br /><br />I liked the acting it came off very true and honest. It wasn't clean and polished but it was better than that. It was true to life, how anyone would truly behave and display emotions not how Hollywood does. It was great acting especially by the one playing Rex.<br /><br />The story was original. Not only do the characters get drawn into his world but you do too. Not your typical person meets inner city kids and saves them through knowledge film at all. Simply caring and friendship make things a bit better.<br /><br />The only thing is that even in the 80's there was more gun violence and less simple stuff like rock throwing but that little bit of innocence didn't hurt this film.<br /><br />I think it's a must see. you will either love or hate it but either way it makes an impact and that makes a good film that you will remember and talk about later.",positive
"It's not awful but what a waste... Lousy gags, bad music, poor drawings and animation...<br /><br />Regarding the impressive number of animators and intervallists on this picture (from, hum... a hundred different studios throughout the world? Come on, how can you expect something coherent when doing an animated movie this way!) I wonder if one guy on the credits = one drawing! The lines are rough, the 3d work inadequate (I'm not against it, but not in this film) But the backgrounds are corrects. The storyline is rather dumb, far from the precise cleverness of the BD, and obviously aimed at an international audience. To distribute a movie all over the world doesn't mean to take everyone in the world for a simple-minded guy... A cultural object is far more interesting when challenging, even when it is a foreign movie (being french in this case it's even worse!).<br /><br />Some new stuff is doing well (the Olaf character, sometimes, like with the stone explanation, but it's not great) but the modern references are exasperating (music, SMS -not even a verbal joke, just a stupid bird named short message service: does anyone know imagination?). But, hey, it's a M6 / TPS production with some Celine Dion in it... pathetic.<br /><br />Asterix is underemployed and Obelix talks too much. Goudurix could be great (like in the book) but he is too clearly a ""cool guy"" having a love affair (with an uninteresting made up female character). In fact, only the vikings (wizard excepted) are funny. Too much action, not enough laughs. The best part of the movie are the end credits. Not the music, but the few stills it contains. BD style. Well, definitely, Asterix is not made to move!",negative
"CRY FREEDOM is an excellent primer for those wanting an overview of apartheid's cruelty in just a couple of hours. Famed director Richard Attenborough (GANDHI) is certainly no stranger to the genre, and the collaboration of the real-life Mr. and Mrs. Woods, the main white characters in their book and in this film, lends further authenticity to CRY FREEDOM. The video now in release actually runs a little over 2 and a half hours since 23 minutes of extra footage was inserted to make it a two part TV miniseries after the film's initial theatrical release. While the added length serves to heighten the film's forgivable flaws: uneven character development and blanket stereotyping in particular, another possible flaw (the insistence on the white characters' fate over that of the African ones) may work out as a strength. Viewing CRYING FREEDOM as a politically and historically educational film (as I think it should, over its artistic merits), the story is one which black Africans know only too well, though the younger generation may now need to see it on film for full impact. It is the whites who have always been the film's and the book's target audience, hopefully driving them to change. Now twelve years after the movie's production, CRY FREEDOM is in many ways a more interesting film to watch. Almost ten years after black majority rule has been at least theorically in place, 1987's CRY FREEDOM's ideals remain by and large unrealized. It therefore remains as imperative as ever for white South Africans, particularly the younger ones who have only heard of these actions to see it, and absorb the film's messages. In total contrast to American slavery and the Jewish Holocaust's exposure, South Africans' struggles have been told by a mere two or three stories: CRY FREEDOM, CRY THE BELOVED COUNTRY (OK, Count it twice if you include the remake), and SARAFINA (did I miss one?). All three dramas also clumsily feature American and British actors in both the white and black roles. Not one South African actor has played a major role, white, coloured, Indian or Black!). And yes I did miss another international South African drama, MANDELA and DEKLERK. Though this (also highly recommended) biopic was released after black majority rule was instituted, MANDELA was played by a Black American (Sidney Poitier, who also starred in the original S.A.-themed CRY THE BELOVED COUNTRY), while the Afrikaner DeKlerk was played by a (bald) very British Michael Caine, a good performance if you can dismiss that the very essence of Afrikanerdom is vehement anti-British feelings. Until local SABC TV and African films start dealing with their own legacy, CRY FREEDOM is about as authentic as you'll get. As villified as the whites (particularly the Afrikaners) are portrayed in the film, any observant (non-casual) visitor to South Africa even now in 1999, not to mention 1977 when CRY FREEDOM takes place, will generally find white's attitudes towards blacks restrained, even understated. Looking at CRY FREEDOM in hindsight, it is amazing that reconciliation can take place at all, and it is. But CRY FREEDOM at time shows not much has really changed in many people's minds yet, and that the Black Africans' goal to FREEDOM and reconciliation is still ongoing. This is why if you're a novice to the situation, CRY FREEDOM, is your best introduction.",positive
"I did not have too much interest in watching The Flock.Andrew Lau co-directed the masterpiece trilogy of Infernal Affairs but he had been fired from The Flock and he had been replaced by an emergency director called Niels Mueller.I had the feeling that Lau had made a good film but it had not satisfied the study,so they fired him and hired another director.This usually does not work well (let's remember The Invasion).But The Flock resulted to be better than what I expected.It's not a great film but it's an interesting and entertaining thriller.The character development is very well done and I could know the characters very well.Also,the relationship between the two main characters is natural and credible.Richard Gere and Claire Danes bring competent performances.Now,let's go to the negative points.One element which really bothered me (there was a moment in which it irritated me) was the excess of edition tricks to give the movie more ""attitude"" and style.That tricks feel out of place and their presence is arbitrary.Plus,I think the film should have been more ambitious.In spite of that,I recommend The Flock as a good thriller.It's not memorable at all,but it's entertaining.",positive
"I have this movie on a collection of inexpensive B-movies. It's not restored, in fact, the audio was difficult to discern for the first few minutes.<br /><br />At first, it seemed like a typical haunted house film, and feels very much like the forerunner of Clue, Murder by Death, House on Haunted Hill, etc.<br /><br />About a half hour into the film, the storyline takes a really interesting twist--and it goes from being a cliché melodrama to something entirely different, and far more entertaining than I had initially thought.<br /><br />Check it out, it's a great deal of fun, even if the long clips and wider shots (and near lack of music score) make it feel a bit creaky by today's standards.",positive
"'Heaven's Gate' is not a masterpiece, which apparently was what it needed to be upon first release to justify its great cost, and, more importantly, the continued uneasy reliance of Hollywood on the Auteur model of film-making. Yet 'Heaven's Gate', seen today at last on DVD in a cut of 229 minutes, is a superb film. It is a touch lethargic in pace. But at least it is paced. Quite apart from the incompetence of construction that marks many films today, there have been many films which, deliberate in form, have been severely damaged by being hacked down with no care for rhythm so the films become shapeless and confusing. Beyond this, the criticisms leveled at the film have become in retrospect quite lame. If the good guys and bad guys are too obviously pronounced for a serious film, and yes Sam Waterston's mustachioed, fur-clad villain is comic-opera (and not in the multi-leveled manner of Bill The Butcher from 'Gangs of New York'), and yes, the townsfolk do seem a touch 'Fiddler On The Roof' on occasions, then a few dozen serious films made since then, including 'Titanic' and the graceless 'Cold Mountain' (which bears certain similarities and is a notable failure in convincing qualities compared to this film) can be castigated for exactly the same reason. <br /><br />Also despite accusations, the film has a plot, quite a well-essayed plot at that. It simply does not bow to standard-form 'epic' quality, by providing Titan heroes, rafts of sub-plots and confusion. It experiments with telling in a manner more like much smaller, modest films, by carefully-caught moments of character interaction, and well-textured pageant-like explosions of communal action, as with the opening at Harvard and, most specially, the wonderful scene where the Johnson County folk, following the lead of a brilliantly physical fiddler, make celebration on roller-skates.<br /><br />'The Deer Hunter' was a critical and commercial success but abandoned the first half's inspired, mosaic-like accumulation of detail, and I think in a manner similar to criticism of Robert Penn Warren's novel 'All The King's Men' and its dictionary of Jacobean stunts, if Cimino had not had such a strong grasp of the conventions of Hollywood epics, he might have made a special rare work of art based in honest visualisation of people within their milieu. In contrast, 'Heaven's Gate' succeeds in screwing its narrative momentum and tension upwards in a slowly expanding arc, until the finale explodes, whilst not abandoning the mosaic approach.<br /><br />The central romantic triangle, for instance, resists standard inflections; a decent, intelligent, but psychically defeated man, James Averill (Kris Kristofferson) competes with a hot-shot but identity-challenged young gunman Nate Champion (Christopher Walken) for the hand of a young Madame, Ella Watson (Isabelle Huppert); there is no self-conscious bed-hopping, no slaps in the face, recriminations, or typical sad-sack moments, but more a sad and distanced decision by Ella to choose the younger man whom she loves less because he is ready to make the commitment. Ella emerges as the film's true hero (Huppert's performance, though initially awkward, is really quite excellent, balancing a dewy emotionalism with a hard-hammered spirit), attempting first to rescue Nate and then mustering the resistance party of immigrants into an enterprising defence. Subsequently, Averill is stung into action as friends die. Indeed, in the process of overcoming so many traps of cliché and style, 'Heaven's Gate' successfully and willfully throws off the defeated outsider-heroes grace note of so many '70s Westerns and portrays an eventual, vigorous, cheer-the-heroes rallying to a compromised but still relished victory. <br /><br />The social conflict of so many '70s Westerns at last hardens into a fully-fledged war; where capital attempts a crushing final victory over the miscreants who stand in their way, suddenly they find a massed and more-powerful people's army, led by the man who played the thoroughly-destroyed Billy the Kid a decade before. This is what led the film to be described as the first Marxist Western, but really it simply deflowers a theme of the genre extant well before the '60s. Such various and classic old-school works as William Wyler's 'The Westerner', and even 'Shane', tell awfully similar stories. It is simply here that the romantic myth of the gunslinger has been replaced by the romantic myth of the people's revolt. In a spectacular, exiting, but realistic and thus chaotic finale, the marauding Cattlemen's encampment is attacked, ringed by dust clouds punctuated by fallen horses, writhing bodies, and gunfire. Averill puts his classical education to work finally by stealing a Roman trick and bringing the Cattlemen to the brink of annihilation before they are rescued by the Cavalry (another distinctly seditious touch, but surely not so offensive after 'Little Big Man's unrelenting depiction of Native American massacres). Really, it's hard to think of a more heroically American vision of grassroots resistance. The film's only real dead spot stands as an unnecessary coda indicating Averill's eventual relapse, a rather potted piece of tragedy. <br /><br />Despite then certain failings and a slow mid-section, 'Heaven's Gate' is a supreme piece of work, a genuine attempt to create a contemporary Western and a new kind of epic. If one has to still join the chorus that reckons Cimino was absurd in his behaviour on set and expenditure, it is regretfully. When, today, flops like 'The Adventures of Pluto Nash' and 'K-19 - The Widowmaker' see nearly a hundred million dollars sink down the drain, and yet a tag of infamy still hangs on this film, one ponders what exactly its grim death signified. The attempt at original style, the bawdy sexuality, the very hard-won sense of detail, the breathtaking rigor of the film-making and what is being filmed, all throw into contrast what is sorely lacking in so much contemporary Hollywood product.",positive
"Having read the books and seen the 1982 Anthony Andrews/Jane<br /><br />Seymour version, I have to say that this is not good at all.<br /><br />According to the books, Percy is supposed to be a seemingly<br /><br />foppish aristocrat when he's being Percy, and witty and clever<br /><br />when he's being the Pimpernel, but here he just looks bored as<br /><br />Percy and mean as the Pimpernel. Marguerite is supposed to be<br /><br />the most beautiful woman in Europe, not a tired and frumpy-looking matron (she looks middle-aged, probably due to<br /><br />bad make-up). Richard E. Grant has done much better things, and<br /><br />Elizabeth McGovern's acting is uninspired and flat. The wit and<br /><br />dash of the books and the Andrews/Seymour film is here replaced<br /><br />by brawn and flashy editing that just don't make the cut. <br /><br /> I might add that to a person who hasn't seen any previous version<br /><br />or read the book, it would probably look ok.",negative
"""Fool for Love"" is one of the several now forgotten films Robert Altman directed throughout the 1980s. This one, a screen adaptation of a Sam Shepard play that features Shepard in the lead role, just simply isn't very good. Altman made many not-very-good films over the course of his fascinating career, and many times the fault was his. But here I think the fault lies with Shepard for writing such a flimsy play. Altman's direction is assured, the performances are o.k. given what the actors have to work with, but this inconsequential screenplay goes nowhere, and takes its time getting there.<br /><br />Shepard is Eddie, a stuntman who has a love/hate relationship with May (Kim Basinger). The two fight endlessly over the course of an evening spent in some dusty motel in the middle of nowhere, while a mysterious man (Harry Dean Stanton) who may be either a figurative or literal father to both Eddie and May quietly observes. Randy Quaid rounds out the four-person cast as a gentleman caller.<br /><br />The only dramatic hook in the entire plot is the suggestion that Eddie's and May's relationship is incestuous. However, this hook feels more like a gimmick than anything. The screenplay doesn't explore their relationship in any detail, and it doesn't use their relationship to explore any more universal themes. Shepard and Basigner create eccentric, mannered characters who grow irritating within the first five minutes; Stanton and Quaid have little to do but provide reaction shots. <br /><br />The last half hour or so of the film is especially bad, when Eddie's and May's back stories begin to play out in flashback over monotone, somnolent voice over.<br /><br />Chalk this up to another of Altman's experiments gone awry.<br /><br />Grade: C-",negative
"A very sensitive topic--15 y/o girl abandoned by mother as a baby and who goes to visit her, continues to be ignored, is raped by her mom's boyfriend, becomes pregnant. There was not enough depth displayed of this situation. Too much of time is taken up on the chase with the truckers transporting the baby. (Interesting, this baby with asthma--you never see him cry-- except once--, be fed, have is diaper changed during the whole truck transport ordeal.) I would have liked to have seen more of the interrelationships, more focus on the fact that this girl was a minor--this should have stood up in court immediately.<br /><br />And this was a true story! It deserved a better telling than that!!<br /><br />If it weren't for the subject matter, I would have given this closer to a 0 rating. I rented this from the library. Only later I found out it was a made for TV movie. <br /><br />oh well",negative
"Despite what a lot of other people thought about the first movie, I really liked it. This one however. How to sum it up in one word?: This movie is (and here comes the word): CRAP!<br /><br />But let's look at it part by part: Here is the plot: Finally the old queen has been removed from her castle, but her successor: Snow white has problems of another sort: The Court-Jester, Father of her son, has gone astray, as the super, Spliss, goes to the extreme, to battle his gray hair and sells the royal offspring for some blond and full hair. In her desperation Snow white seeks the help of Bubi (Otto Walkees),who must first find his other six dwarf companions and then try to find the royal offspring or at least try to find the name of Rumpelstiltskin.<br /><br />The whole plot seems to have been written on a weekend, where the writers were very drunk but were just under pressure from the studio to write the screenplay. <br /><br />Yes, there are some good jokes. Even for fans of the first part, or for fans of any of the other actors, it's really not worth buying the the DVD. Believe me. <br /><br />The only thing, that at least kind of saves the movie from complete oblivion, are the performances of some of the actors. That's why I gave the move 3/10. Sadly, the script is so bad that none of the actors or all of them combined can make up for the bad story.<br /><br />For example, at one point, they even cross over in our reality, and sadly.. they don't do anything funny while being here. <br /><br />Still, a lot of great actors in this movie: Otto Waalkes, Ralf Schmitz, Martin Schneider, Nina Hagen, Cosma Shiva Hagen, (Especially funny): Rüdiger Hoffmann as the mirror, Helge Schneider and many more but sadly all these comedians aren't able to bring this really bad script to life. <br /><br />Maybe it is a treat for some hardcore fans but for regular movie goers or by now DVD Renters or buyers it's not worth the money. <br /><br />I even regret renting the movie.",negative
"This movie is sort of similar to ""Better Off Dead"" as it has some of the same stars. This one though isn't quite as good. Granted it is rather funny and enjoyable, there is something about ""Better...that I like, well better. This one has these guys going to Nantucket to spend there summer vacation. While there they meet this girl who's trying to save here house from this guy who wants to turn it into a lobster restaurant. This guy really doesn't seem to like lobsters, cause in one scene he sticks it into boiling water and puts in a stethoscope so he can hear it scream. The main character is torn between this girl and the girl of the son of the guy who wants to make the restaurant. Somehow or another this leads to a big boat race showdown, kind of like in ""Summer Rental"" though it works a bit better here and fits into the plot a little better. Though what is the deal with boat races at this time? Was there some weird fascination with them? For the most part this movie delivers laughs at a good clip, but ""Better Off Dead"" was still better cause it was the first and the jokes worked better.",positive
"I walked into the movie theater, with no expectations for the film I was about to witness, ""Everything is Illuminated"". I walked out with a joy I have barely come to feel with American films. The directorial debut of actor, Leiv Schreiber, the film follows a man on his journey through the past, accompanied by an eccentric group including a brake-dancing barely English-speaking punk from the Eukraine, his grandfather who believes he is blind, and their crazy dog. The first half of the film is funny and smart with an extremely European flavor in the usage of small but wonderful characters, while the second half of the film descends into a somber story of discovery and the holocaust. This little movie brings out so many emotions, and so many colors, with such a wonderful conclusion and is more than just a story of illumination, but also of relationships and connections. The acting is incredibly powerful, the story mysterious and interesting, and the artistic appeal of the cinematography, to die for. With some brilliant and absolutely touching scenes ""Everything is Illuminated"" managed to capture my heart.",positive
"Buster Keaton was arguably at his most enjoyable when he did short 20 minute films, and they don't come more rib-ticklingly funny than this gem. The dead pan comic gets involved in a photographic mix-up with a wanted felon. This leads to his elaborate evasion of several street cops and fellow passengers who recognise the his face from the ""Wanted"" signs. The Goat is choc-a-bloc with brilliant site gags, from the opening scene at the bread queue, right up to the wonderful elevator chase at the end. A Keaton film never feels as though its silence is lacking, as sound is never something you needed with him. His movies explain themselves through the wonderful (yet incredibly dangerous) things he did to himself. It isn't hard to see just how influential he really was - the man is every bit as thoroughly amazing today as he was in 1921.",positive
"A beautiful woman, a backwoods, inbred monster man, a super sweet monster truck, a road kill zombie brother and 2 friends...one anal retentive, overly sensitive nerd and the other a foul mouthed, adolescent slob. Throw them all together with a dash of Jeepers Creepers, Texas Chainsaw Massacre and Road Trip and you've got Monster Man. A hilarious horror/comedy outing that never sets out to ""say something"". It's a simple, straight forward laugh fest. Unpretentious and well made, this horror/comedy is at its heart, a buddy flick. This film offered some hilarious and sickening set pieces. I highly recommend this to fright fans looking to be entertained.",positive
"Ok, even if you can't stand Liza- this movie is truly hilarious! The scenes with John Gielgud make up for Liza. One of the true romantic comedy classics from the 20th century. Dudley Moore makes being drunk and irresponsible look cute and amusing and it is damn fun to watch! The one-liners are the best.",positive
"This was on at 2 or so In the morning one Saturday a few years ago, for various reasons I don't remember the entire story but what remains are the two standout performances from the central characters. Dom has had a unfortunate lot, manipulated & literally working a rubbish job, Eugene torn between personal aspirations and duty towards his sibling. Tom Hulce' Dom doesn't plead for sympathy - It comes naturally. Ray Liotta Is a universe away from Henry Hill, displaying a soft centre In what must feel a thankless position.<br /><br />In many ways this deals with the dilemma many young carer's face - the past or the future. As It turns out, with some work the two can happily co-exist. Thoughtfully handled & sensitively played Dominick & Eugene Is difficult not to warm to.",positive
